WKT,Layer,Provinsi,Nama,Jenis,Alamat,Latitude,Longitude
"POINT (107.62153 -7.13407)",Jawa Barat,Jawa Barat,Kabupaten Bandung,Kabupaten,Kabupaten Bandung, Jawa Barat, Indonesia,-7.13407,107.62153
"POINT (107.49197 -6.86522)",Jawa Barat,Jawa Barat,Kabupaten Bandung Barat,Kabupaten,Kabupaten Bandung Barat, Jawa Barat, Indonesia,-6.86522,107.49197
"POINT (107.17356 -6.36672)",Jawa Barat,Jawa Barat,Kabupaten Bekasi,Kabupaten,Kabupaten Bekasi, Jawa Barat, Indonesia,-6.36672,107.17356
"POINT (106.62913 -6.55177)",Jawa Barat,Jawa Barat,Kabupaten Bogor,Kabupaten,Kabupaten Bogor, Jawa Barat, Indonesia,-6.55177,106.62913
"POINT (108.34925 -7.33207)",Jawa Barat,Jawa Barat,Kabupaten Ciamis,Kabupaten,Kabupaten Ciamis, Jawa Barat, Indonesia,-7.33207,108.34925
"POINT (107.19572 -7.35797)",Jawa Barat,Jawa Barat,Kabupaten Cianjur,Kabupaten,Kabupaten Cianjur, Jawa Barat, Indonesia,-7.35797,107.19572
"POINT (108.48762 -6.75894)",Jawa Barat,Jawa Barat,Kabupaten Cirebon,Kabupaten,Kabupaten Cirebon, Jawa Barat, Indonesia,-6.75894,108.48762
"POINT (107.76362 -7.50122)",Jawa Barat,Jawa Barat,Kabupaten Garut,Kabupaten,Kabupaten Garut, Jawa Barat, Indonesia,-7.50122,107.76362
"POINT (108.32653 -6.32818)",Jawa Barat,Jawa Barat,Kabupaten Indramayu,Kabupaten,Kabupaten Indramayu, Jawa Barat, Indonesia,-6.32818,108.32653
"POINT (107.32509 -6.30224)",Jawa Barat,Jawa Barat,Kabupaten Karawang,Kabupaten,Kabupaten Karawang, Jawa Barat, Indonesia,-6.30224,107.32509
"POINT (108.57006 -7.0138)",Jawa Barat,Jawa Barat,Kabupaten Kuningan,Kabupaten,Kabupaten Kuningan, Jawa Barat, Indonesia,-7.0138,108.57006
"POINT (108.2852 -6.77906)",Jawa Barat,Jawa Barat,Kabupaten Majalengka,Kabupaten,Kabupaten Majalengka, Jawa Barat, Indonesia,-6.77906,108.2852
"POINT (108.49882 -7.61506)",Jawa Barat,Jawa Barat,Kabupaten Pangandaran,Kabupaten,Kabupaten Pangandaran, Jawa Barat, Indonesia,-7.61506,108.49882
"POINT (107.43219 -6.56492)",Jawa Barat,Jawa Barat,Kabupaten Purwakarta,Kabupaten,Kabupaten Purwakarta, Jawa Barat, Indonesia,-6.56492,107.43219
"POINT (107.76807 -6.56228)",Jawa Barat,Jawa Barat,Kabupaten Subang,Kabupaten,Kabupaten Subang, Jawa Barat, Indonesia,-6.56228,107.76807
"POINT (106.62913 -7.2134)",Jawa Barat,Jawa Barat,Kabupaten Sukabumi,Kabupaten,Kabupaten Sukabumi, Jawa Barat, Indonesia,-7.2134,106.62913
"POINT (107.95318 -6.83285)",Jawa Barat,Jawa Barat,Kabupaten Sumedang,Kabupaten,Kabupaten Sumedang, Jawa Barat, Indonesia,-6.83285,107.95318
"POINT (108.14286 -7.65133)",Jawa Barat,Jawa Barat,Kabupaten Tasikmalaya,Kabupaten,Kabupaten Tasikmalaya, Jawa Barat, Indonesia,-7.65133,108.14286
"POINT (107.61912 -6.91746)",Jawa Barat,Jawa Barat,Kota Bandung,Kota,Kota Bandung, Jawa Barat, Indonesia,-6.91746,107.61912
"POINT (108.53424 -7.37068)",Jawa Barat,Jawa Barat,Kota Banjar,Kota,Kota Banjar, Jawa Barat, Indonesia,-7.37068,108.53424
"POINT (106.97557 -6.23826)",Jawa Barat,Jawa Barat,Kota Bekasi,Kota,Kota Bekasi, Jawa Barat, Indonesia,-6.23826,106.97557
"POINT (106.80603 -6.59714)",Jawa Barat,Jawa Barat,Kota Bogor,Kota,Kota Bogor, Jawa Barat, Indonesia,-6.59714,106.80603
"POINT (107.5413 -6.88408)",Jawa Barat,Jawa Barat,Kota Cimahi,Kota,Kota Cimahi, Jawa Barat, Indonesia,-6.88408,107.5413
"POINT (108.55231 -6.73202)",Jawa Barat,Jawa Barat,Kota Cirebon,Kota,Kota Cirebon, Jawa Barat, Indonesia,-6.73202,108.55231
"POINT (106.79424 -6.40248)",Jawa Barat,Jawa Barat,Kota Depok,Kota,Kota Depok, Jawa Barat, Indonesia,-6.40248,106.79424
"POINT (106.93152 -6.91816)",Jawa Barat,Jawa Barat,Kota Sukabumi,Kota,Kota Sukabumi, Jawa Barat, Indonesia,-6.91816,106.93152
"POINT (108.21716 -7.35058)",Jawa Barat,Jawa Barat,Kota Tasikmalaya,Kota,Kota Tasikmalaya, Jawa Barat, Indonesia,-7.35058,108.21716
